nodes,parse_med_ms,parse_min_ms,parse_max_ms,layout_med_ms,layout_min_ms,layout_max_ms,svg_med_ms,svg_min_ms,svg_max_ms,n_runs
58,0.44,0.39,1.16,0.18,0.17,0.39,1.52,1.35,3.13,10
114,0.87,0.6,1.74,0.31,0.29,0.74,2.05,1.88,5.76,10
293,1.87,1.53,3.02,0.66,0.59,1.49,4.84,4.43,9.5,10
582,2.87,2.34,7.06,1.08,1.01,2.89,8.36,7.3,19.89,10
1180,7.52,6.6,11.94,2.44,2.25,3.39,17.95,16.57,29.77,10
2335,17.09,15.2,28.22,7.67,6.81,16.04,39.69,33.8,70.63,10
4741,27.22,23.4,48.81,24.72,22.69,35.17,87.42,80.79,199.72,10
11666,67.75,62.77,83.41,116.78,113.3,131.06,236.17,219.37,315.68,10
23685,141.83,115.94,298.32,529.73,428.51,1091.74,518.39,474.41,957.5,10
