run,dataset,nodes,parse_med_ms,parse_q1,parse_q3,layout_med_ms,layout_q1,layout_q3,svg_med_ms,svg_q1,svg_q3
run1,showcase.recphyloxml,13,0.24,0.22,0.45,0.14,0.11,0.26,0.76,0.66,1.53
run1,nested-gene-symbiont,5,0.09,0.09,0.10,0.03,0.03,0.03,0.40,0.32,0.57
run1,nested-symbiont-host,3,0.08,0.06,0.10,0.02,0.02,0.03,0.22,0.20,0.23
run1,compare-tool-a,7,0.14,0.11,0.14,0.03,0.03,0.04,0.28,0.25,0.29
run1,compare-tool-b,7,0.11,0.11,0.17,0.04,0.03,0.05,0.35,0.34,0.63
run1,9999.nhx,23,0.88,0.83,1.11,0.13,0.13,0.14,1.24,1.18,1.45
run2,showcase.recphyloxml,13,0.60,0.57,0.87,0.30,0.28,0.62,2.06,1.97,2.33
run2,nested-gene-symbiont,5,0.32,0.26,0.33,0.08,0.08,0.09,1.23,0.90,1.40
run2,nested-symbiont-host,3,0.15,0.15,0.18,0.05,0.04,0.05,0.42,0.38,0.56
run2,compare-tool-a,7,0.27,0.26,0.29,0.12,0.08,0.14,0.80,0.66,0.81
run2,compare-tool-b,7,0.25,0.25,0.25,0.07,0.07,0.10,0.80,0.78,0.80
run2,9999.nhx,23,2.02,1.21,2.12,0.26,0.16,0.34,2.73,2.69,3.07
run3,showcase.recphyloxml,13,0.25,0.24,0.43,0.25,0.10,0.27,0.89,0.85,1.19
run3,nested-gene-symbiont,5,0.09,0.08,0.09,0.03,0.03,0.03,0.35,0.32,0.51
run3,nested-symbiont-host,3,0.06,0.06,0.06,0.02,0.01,0.02,0.16,0.16,0.18
run3,compare-tool-a,7,0.27,0.14,0.29,0.09,0.06,0.10,0.64,0.63,0.72
run3,compare-tool-b,7,0.22,0.16,0.24,0.06,0.04,0.07,0.60,0.59,0.68
run3,9999.nhx,23,1.16,1.03,1.25,0.23,0.15,0.35,2.22,1.83,3.49
run4,showcase.recphyloxml,13,0.24,0.22,0.25,0.13,0.10,0.24,0.74,0.63,0.82
run4,nested-gene-symbiont,5,0.08,0.08,0.09,0.03,0.03,0.04,0.34,0.34,0.47
run4,nested-symbiont-host,3,0.07,0.07,0.08,0.02,0.02,0.02,0.35,0.22,0.37
run4,compare-tool-a,7,0.09,0.09,0.10,0.03,0.03,0.03,0.25,0.24,0.30
run4,compare-tool-b,7,0.09,0.09,0.10,0.03,0.02,0.03,0.27,0.23,0.27
run4,9999.nhx,23,0.83,0.81,1.04,0.13,0.13,0.13,1.14,1.09,1.25
run5,showcase.recphyloxml,13,0.24,0.23,0.28,0.12,0.11,0.24,0.82,0.62,0.85
run5,nested-gene-symbiont,5,0.09,0.09,0.10,0.03,0.03,0.04,0.51,0.34,0.53
run5,nested-symbiont-host,3,0.06,0.06,0.06,0.02,0.01,0.02,0.14,0.13,0.19
run5,compare-tool-a,7,0.11,0.10,0.12,0.03,0.03,0.04,0.26,0.24,0.29
run5,compare-tool-b,7,0.10,0.10,0.14,0.03,0.03,0.04,0.28,0.28,0.41
run5,9999.nhx,23,0.80,0.51,1.01,0.13,0.13,0.13,1.12,1.06,1.72
run6,showcase.recphyloxml,13,0.24,0.21,0.26,0.13,0.10,0.27,0.79,0.66,0.97
run6,nested-gene-symbiont,5,0.09,0.08,0.17,0.04,0.03,0.09,0.55,0.41,0.76
run6,nested-symbiont-host,3,0.04,0.04,0.06,0.02,0.02,0.02,0.20,0.17,0.25
run6,compare-tool-a,7,0.22,0.10,0.22,0.09,0.04,0.09,0.62,0.59,0.82
run6,compare-tool-b,7,0.08,0.07,0.11,0.03,0.03,0.04,0.30,0.29,0.58
run6,9999.nhx,23,0.74,0.53,0.83,0.14,0.14,0.14,1.23,1.19,1.56
run7,showcase.recphyloxml,13,0.26,0.23,0.26,0.13,0.10,0.25,0.74,0.61,0.81
run7,nested-gene-symbiont,5,0.10,0.09,0.10,0.03,0.03,0.04,0.35,0.33,0.39
run7,nested-symbiont-host,3,0.07,0.07,0.07,0.02,0.02,0.02,0.22,0.20,0.22
run7,compare-tool-a,7,0.13,0.10,0.13,0.04,0.03,0.04,0.56,0.28,0.64
run7,compare-tool-b,7,0.09,0.09,0.10,0.02,0.02,0.03,0.24,0.23,0.25
run7,9999.nhx,23,0.87,0.87,1.02,0.13,0.13,0.14,1.49,1.17,1.82
run8,showcase.recphyloxml,13,0.24,0.23,0.25,0.22,0.13,0.25,0.78,0.60,0.91
run8,nested-gene-symbiont,5,0.08,0.08,0.08,0.03,0.03,0.03,0.37,0.31,0.49
run8,nested-symbiont-host,3,0.06,0.06,0.07,0.02,0.02,0.02,0.17,0.15,0.27
run8,compare-tool-a,7,0.11,0.10,0.13,0.04,0.03,0.04,0.26,0.26,0.33
run8,compare-tool-b,7,0.10,0.10,0.10,0.03,0.03,0.03,0.28,0.27,0.29
run8,9999.nhx,23,0.96,0.50,0.96,0.13,0.13,0.13,1.17,1.10,1.41
run9,showcase.recphyloxml,13,0.26,0.26,0.29,0.18,0.11,0.25,0.82,0.77,0.92
run9,nested-gene-symbiont,5,0.20,0.12,0.21,0.07,0.04,0.07,0.61,0.35,0.74
run9,nested-symbiont-host,3,0.07,0.07,0.17,0.02,0.02,0.05,0.19,0.18,0.44
run9,compare-tool-a,7,0.36,0.30,0.39,0.07,0.05,0.14,0.73,0.62,1.01
run9,compare-tool-b,7,0.18,0.15,0.24,0.08,0.04,0.10,0.77,0.34,0.89
run9,9999.nhx,23,1.45,1.25,1.68,0.31,0.31,0.35,2.99,2.88,3.11
run10,showcase.recphyloxml,13,0.26,0.23,0.41,0.13,0.10,0.24,0.75,0.63,0.89
run10,nested-gene-symbiont,5,0.09,0.09,0.29,0.03,0.03,0.03,0.48,0.33,0.70
run10,nested-symbiont-host,3,0.06,0.05,0.06,0.02,0.02,0.02,0.14,0.13,0.21
run10,compare-tool-a,7,0.12,0.11,0.12,0.04,0.04,0.04,0.27,0.24,0.42
run10,compare-tool-b,7,0.09,0.09,0.10,0.02,0.02,0.03,0.23,0.23,0.23
run10,9999.nhx,23,0.81,0.53,1.01,0.13,0.13,0.14,1.22,1.14,1.38
