run,nodes,parse_med_ms,parse_q1,parse_q3,layout_med_ms,layout_q1,layout_q3,svg_med_ms,svg_q1,svg_q3
run1,58,0.47,0.41,0.49,0.17,0.17,0.18,1.50,1.35,1.59
run1,114,0.66,0.65,0.68,0.31,0.31,0.32,2.01,1.99,2.24
run1,293,1.90,1.67,2.06,0.65,0.64,0.67,4.92,4.29,5.24
run1,582,2.81,2.54,2.98,1.07,1.07,1.12,8.37,7.92,8.81
run1,1180,7.65,7.47,7.74,2.47,2.47,2.69,18.10,17.64,19.55
run1,2335,17.46,16.03,20.07,7.05,7.01,8.28,38.13,35.64,39.87
run1,4741,30.55,28.68,33.58,24.53,23.60,27.58,89.65,84.45,95.80
run1,11666,75.70,73.91,85.60,121.92,117.89,122.89,258.74,249.53,260.17
run1,23685,213.24,180.22,272.03,970.37,918.63,1119.34,944.86,912.52,1156.97
run2,58,1.16,1.09,1.19,0.39,0.20,0.41,3.13,2.60,3.71
run2,114,1.74,1.31,2.42,0.70,0.55,0.79,5.76,5.58,5.83
run2,293,3.02,2.80,3.56,1.49,1.43,1.50,9.50,9.12,12.68
run2,582,7.06,7.00,7.20,2.89,2.79,3.06,19.89,18.56,20.64
run2,1180,11.94,10.06,16.84,3.39,3.33,8.25,29.77,28.56,52.75
run2,2335,28.22,23.42,36.21,16.04,11.79,20.98,70.63,66.24,77.38
run2,4741,48.81,33.38,59.37,35.17,33.21,54.56,199.72,89.27,206.77
run2,11666,62.88,62.83,63.36,116.45,111.89,118.13,219.37,212.56,226.21
run2,23685,150.08,130.29,159.03,541.14,446.46,718.53,699.52,528.67,809.18
run3,58,0.60,0.49,0.75,0.20,0.19,0.25,1.81,1.77,2.38
run3,114,1.18,1.07,1.50,0.74,0.33,0.74,3.25,3.08,3.49
run3,293,2.42,1.76,2.73,1.44,0.71,1.60,4.77,4.36,7.14
run3,582,3.69,3.14,4.21,1.42,1.41,2.34,9.63,8.21,10.29
run3,1180,7.53,5.99,7.80,2.38,2.34,2.75,16.71,16.38,19.04
run3,2335,15.93,15.59,21.41,8.08,7.73,8.73,56.30,43.06,71.14
run3,4741,41.38,39.25,42.36,31.36,25.50,33.07,94.23,86.54,100.61
run3,11666,63.27,61.99,66.54,114.92,110.67,114.94,227.54,226.75,267.85
run3,23685,170.08,153.10,187.14,602.48,533.39,746.13,506.06,504.59,526.90
run4,58,0.40,0.39,0.47,0.20,0.17,0.20,1.38,1.18,1.43
run4,114,0.83,0.63,1.01,0.29,0.29,0.37,2.09,1.92,2.16
run4,293,2.50,1.99,2.59,0.62,0.62,0.70,4.45,4.39,4.60
run4,582,2.75,2.66,2.75,1.04,1.00,1.09,7.30,7.20,7.31
run4,1180,6.76,6.32,6.88,2.31,2.31,2.47,17.77,16.32,18.53
run4,2335,15.20,15.13,16.57,6.84,6.72,7.22,34.87,32.30,38.43
run4,4741,26.05,25.10,27.55,22.69,21.94,23.00,81.06,79.61,83.47
run4,11666,70.52,64.42,71.36,114.65,111.08,115.18,229.00,227.72,282.06
run4,23685,115.94,115.52,117.54,428.51,421.80,428.73,474.41,450.34,488.73
run5,58,0.39,0.39,0.47,0.17,0.17,0.17,1.40,1.33,1.48
run5,114,0.60,0.58,0.61,0.30,0.28,0.31,1.88,1.80,2.04
run5,293,1.69,1.32,2.02,0.63,0.60,0.67,4.43,4.26,4.95
run5,582,2.62,2.45,2.88,1.09,1.03,1.48,8.58,7.40,8.61
run5,1180,6.60,6.54,8.27,2.39,2.31,2.46,16.57,16.56,18.52
run5,2335,17.67,17.40,18.35,8.32,7.02,9.18,33.80,33.38,35.66
run5,4741,27.61,26.79,29.04,23.56,23.07,24.63,86.99,76.38,90.20
run5,11666,72.23,69.51,76.44,123.45,121.73,134.06,252.27,206.46,263.04
run5,23685,144.70,144.45,155.08,536.95,438.31,538.00,525.66,517.15,577.72
run6,58,0.43,0.42,0.47,0.18,0.17,0.18,1.55,1.35,1.60
run6,114,0.71,0.70,0.72,0.31,0.31,0.31,2.00,1.96,2.94
run6,293,1.62,1.31,1.64,0.60,0.58,0.68,4.63,4.37,4.78
run6,582,2.93,2.79,2.98,1.03,1.02,1.04,7.87,7.54,8.04
run6,1180,7.50,5.63,7.81,2.25,2.25,2.53,16.70,16.65,19.14
run6,2335,17.40,15.70,17.48,7.73,7.67,8.42,39.16,38.96,46.16
run6,4741,26.42,25.22,29.97,26.09,23.95,26.72,93.11,83.96,101.77
run6,11666,75.47,59.90,79.44,131.06,123.92,238.83,315.68,297.38,318.16
run6,23685,298.32,199.94,428.44,1091.74,844.84,1212.91,957.50,945.97,1001.35
run7,58,0.45,0.42,0.45,0.18,0.18,0.22,1.54,1.31,1.70
run7,114,0.91,0.68,1.16,0.31,0.31,0.31,1.95,1.94,2.34
run7,293,1.53,1.52,1.62,0.59,0.56,0.71,4.58,4.50,5.18
run7,582,2.34,2.30,2.85,1.01,0.99,1.05,8.34,8.25,9.14
run7,1180,8.06,7.94,8.28,2.40,2.21,2.51,20.19,20.17,21.24
run7,2335,18.87,17.81,19.56,7.60,6.98,7.96,36.95,36.15,37.46
run7,4741,34.89,31.81,35.69,24.91,24.01,32.48,84.36,83.94,89.62
run7,11666,83.41,64.16,87.02,117.10,111.15,123.20,235.58,233.65,236.73
run7,23685,138.97,136.67,172.70,454.77,425.82,590.74,502.41,473.80,550.05
run8,58,0.42,0.39,0.44,0.17,0.16,0.17,1.35,1.28,1.74
run8,114,0.98,0.71,1.20,0.33,0.31,0.33,2.00,1.93,2.38
run8,293,1.63,1.55,2.11,0.66,0.60,0.69,5.18,5.03,5.32
run8,582,3.45,2.89,3.50,1.08,1.03,1.21,9.19,9.04,9.79
run8,1180,7.48,5.56,7.53,2.55,2.21,2.71,18.01,17.32,18.82
run8,2335,16.79,16.53,18.43,7.82,7.74,8.47,43.07,40.32,44.55
run8,4741,26.83,25.96,28.33,25.53,23.69,27.50,87.85,85.66,88.35
run8,11666,64.97,63.72,72.87,119.16,116.82,124.73,240.31,231.10,249.16
run8,23685,133.59,129.11,140.80,491.04,476.19,525.89,596.43,554.10,630.43
run9,58,0.90,0.45,0.91,0.22,0.19,0.29,2.23,1.83,2.60
run9,114,0.72,0.68,0.93,0.31,0.30,0.34,2.23,2.16,2.25
run9,293,1.84,1.78,2.09,0.68,0.63,0.70,4.92,4.54,8.40
run9,582,2.46,2.36,3.18,1.09,1.08,1.14,7.69,7.64,8.47
run9,1180,7.95,7.55,10.72,2.63,2.63,3.43,18.27,17.47,19.21
run9,2335,16.66,16.64,17.92,7.51,7.03,8.60,40.31,40.13,40.90
run9,4741,23.40,23.01,26.09,23.47,21.92,24.25,81.88,78.25,81.98
run9,11666,64.93,64.82,77.06,113.30,112.71,114.58,227.27,214.85,227.88
run9,23685,121.03,118.45,135.92,522.50,447.80,538.29,511.13,501.90,527.22
run10,58,0.42,0.40,0.45,0.18,0.17,0.18,1.42,1.23,1.48
run10,114,0.94,0.70,1.11,0.32,0.31,0.34,2.24,1.96,4.11
run10,293,2.15,1.66,2.24,1.15,0.61,1.46,5.87,5.79,6.08
run10,582,2.96,2.85,3.10,1.01,1.01,1.08,7.97,7.72,8.33
run10,1180,7.35,6.05,7.91,2.47,2.30,2.63,17.90,17.02,19.03
run10,2335,15.54,15.01,15.98,6.81,6.75,7.92,40.22,37.24,44.00
run10,4741,24.03,23.48,26.99,23.28,22.80,24.68,80.79,79.11,85.07
run10,11666,62.77,60.97,63.05,113.37,111.43,116.42,236.75,216.28,238.34
run10,23685,123.80,118.01,126.75,452.04,428.51,461.07,491.93,487.58,493.35
